{"cameraMode":{"drawMode":0,"name":"Shaded","section":"Shading Mode"},"sceneLighting":false,"audioPlay":false,"sceneViewState":{"m_AlwaysRefresh":false,"showFog":true,"showSkybox":false,"showFlares":true,"showImageEffects":true,"showParticleSystems":true,"showVisualEffectGraphs":true,"m_FxEnabled":true},"in2DMode":false,"pivot":{"x":0.47136902809143069,"y":0.08616876602172852,"z":-1.42190682888031},"rotation":{"x":0.02400944195687771,"y":0.9733259677886963,"z":-0.12063254415988922,"w":0.19374515116214753},"size":1.3691577911376954,"orthographic":false}