{"cameraMode":{"drawMode":0,"name":"Shaded","section":"Shading Mode"},"sceneLighting":false,"audioPlay":false,"sceneViewState":{"m_AlwaysRefresh":false,"showFog":true,"showSkybox":true,"showFlares":true,"showImageEffects":true,"showParticleSystems":true,"showVisualEffectGraphs":true,"m_FxEnabled":true},"in2DMode":false,"pivot":{"x":20.890161514282228,"y":-11.704416275024414,"z":-5.233292579650879},"rotation":{"x":-0.025525059551000596,"y":-0.8392050266265869,"z":0.5418294668197632,"w":-0.039539068937301639},"size":14.632829666137696,"orthographic":false}